{
  "accuracy": 0.7232673764228821,
  "f1_score": 0.7225161790847778,
  "loss": 0.9657254815101624,
  "val_accuracy": 0.6885303854942322,
  "val_f1_score": 0.6905648112297058,
  "val_loss": 1.136008620262146,
  "learning_rate": 0.0010000000474974513,
  "epoch": 5,
  "global_step": 798
}