{
  "accuracy": 0.6764264106750488,
  "f1_score": 0.6755720973014832,
  "loss": 0.9116512537002563,
  "val_accuracy": 0.6895902156829834,
  "val_f1_score": 0.6890314817428589,
  "val_loss": 1.304294228553772,
  "learning_rate": 0.0010000000474974513,
  "epoch": 10,
  "global_step": 1463
}