{
  "accuracy": 0.02477477490901947,
  "f1_score": 0.0019717777613550425,
  "loss": 3.2939846515655518,
  "val_accuracy": 0.024670278653502464,
  "val_f1_score": 0.0017404522513970733,
  "val_loss": 3.2946231365203857,
  "learning_rate": 9.999999747378752e-06,
  "epoch": 12,
  "global_step": 1729
}