{
  "accuracy": 0.7887004613876343,
  "loss": 0.766924262046814,
  "val_accuracy": 0.7163801193237305,
  "val_loss": 1.1371514797210693,
  "learning_rate": 0.0010000000474974513,
  "epoch": 11,
  "global_step": 1596
}