{
  "accuracy": 0.05427486449480057,
  "loss": 3.2071471214294434,
  "val_accuracy": 0.05681818351149559,
  "val_loss": 3.2696125507354736,
  "learning_rate": 0.0010000000474974513,
  "epoch": 4,
  "global_step": 665
}