{
  "accuracy": 0.6227243542671204,
  "loss": 1.110268235206604,
  "val_accuracy": 0.6055895686149597,
  "val_loss": 1.458428144454956,
  "learning_rate": 0.0010000000474974513,
  "epoch": 7,
  "global_step": 4512
}