{
  "accuracy": 0.8105164170265198,
  "loss": 0.7263779640197754,
  "val_accuracy": 0.7385774850845337,
  "val_loss": 1.0946080684661865,
  "learning_rate": 0.0010000000474974513,
  "epoch": 8,
  "global_step": 1197
}