{
  "accuracy": 0.7572252154350281,
  "loss": 0.8506874442100525,
  "val_accuracy": 0.7540430426597595,
  "val_loss": 0.8919399380683899,
  "learning_rate": 0.0010000000474974513,
  "epoch": 2,
  "global_step": 6768
}