{
  "accuracy": 0.771911084651947,
  "loss": 0.8126394152641296,
  "val_accuracy": 0.7640916705131531,
  "val_loss": 0.8648459315299988,
  "learning_rate": 0.0010000000474974513,
  "epoch": 2,
  "global_step": 13536
}