{
  "accuracy": 0.7563298344612122,
  "loss": 0.8592246770858765,
  "val_accuracy": 0.713318407535553,
  "val_loss": 1.2964389324188232,
  "learning_rate": 0.0010000000474974513,
  "epoch": 8,
  "global_step": 2394
}